id;id_service;name;description;update_date;creation_date
1;5a0d052b-f639-4ff7-af57-f4c7ee0c17bc;wireless Cotton;Plastic Secured;2021-05-18;2021-05-19
2;1ffcc0b2-a6d2-497d-ab57-fdebca2e77b3;Computer application;Car;2021-05-19;2021-05-18
3;8f93db43-c809-49c2-b912-2c073156eec7;drive parse protocol;intermediate;2021-05-19;2021-05-19
4;2a7a438d-4926-44b3-bd4f-a167b6de120e;withdrawal Netherlands Maryland;Texas Down-sized Games;2021-05-18;2021-05-19
5;8f02a49d-3427-438c-a13a-6e11e7ffbcd5;withdrawal payment;Administrator Dollar Mississippi;2021-05-19;2021-05-18
6;19c73dd9-5741-4178-8f1e-12e3d6c88925;Concrete;magnetic Tasty ivory;2021-05-18;2021-05-19
7;8605783e-ee62-40ab-9c25-47445516f5d8;index Frozen;Multi-channelled;2021-05-19;2021-05-19
8;b129bab6-7a25-42d1-919d-49c80f0b91db;Facilitator Barthelemy;communities Investment;2021-05-19;2021-05-18
9;f6ff86a4-ff1f-4698-9a9a-903a26756408;Senegal;New methodologies;2021-05-18;2021-05-19
10;ea98c064-ea88-4850-a35c-b170db34ac15;array;parse e-markets;2021-05-19;2021-05-19
