id;id_source_priority;name;description;update_date;creation_date
1;31d4516a-93f4-422c-a0ab-92dc95d37356;unleash Plastic;circuit Devolved;2021-05-18;2021-05-18
2;08642fde-c288-427a-9f17-a0e570be4531;Research;Borders didactic;2021-05-19;2021-05-19
3;8648e497-7a42-4f2c-b9cb-93bd5cfc6016;Toys Singapore Associate;Buckinghamshire innovate;2021-05-19;2021-05-18
4;1a03f41a-f8ac-4ffe-b86c-a20a0b7bbfff;intuitive Bedfordshire Steel;pink B2B;2021-05-19;2021-05-18
5;f70b3135-92fb-409f-8e70-6a323950bdf1;system Officer;Bedfordshire ubiquitous uniform;2021-05-18;2021-05-18
6;f858093b-0181-4fed-a5b3-bcc6e9e58d39;neutral repurpose;Fields Account Technician;2021-05-19;2021-05-19
7;c5b93a9d-63ef-45de-af4d-a9fce4fbeb2b;Mexico;Towels;2021-05-19;2021-05-19
8;f4bcf211-4968-4e2c-860d-6e6b99720170;Direct parse;Carolina bus;2021-05-18;2021-05-19
9;ad3b7d63-34e9-4293-8800-ef410f16516b;back-end;Electronics synthesize maroon;2021-05-19;2021-05-18
10;13f104d6-59e9-4042-960c-1251a8ce25ba;Quality-focused;non-volatile invoice green;2021-05-19;2021-05-18
